item,sentence,condition,target,context_had,gpt2_surprisal,gpt2-medium_surprisal,gpt2-large_surprisal,bert-base-uncased_surprisal,bert-large-uncased_surprisal,roberta-base_surprisal,roberta-large_surprisal
1,the murder had been witnessing by the three bystanders.,reversed,witnessing,The murder had been,17.032390594482422,17.68232536315918,17.735628128051758,12.68873119354248,16.44826316833496,12.454991340637209,13.696505546569824
1,the murder had been witnessed in the dark.,canonical,witnessed,The murder had been,9.351354598999023,7.515867233276367,7.476137638092041,10.317715644836426,12.626176834106444,9.94714641571045,10.859579086303711
1,the bystanders had been witnessing the crime.,high-cloze,witnessing,The bystanders had been,12.209909439086914,10.13211727142334,11.381598472595217,7.504714965820312,5.092787265777588,2.479640245437622,2.7059171199798584
1,the unpleasant cough syrup was witnessing in the dark.,low-cloze,witnessing,The unpleasant cough syrup was,21.143993377685547,18.651460647583008,19.4302921295166,21.687793731689453,22.17009353637696,22.798236846923828,20.927783966064453
2,patty's overgrown lawn was mowing the boy next door.,reversed,mowing,Patty's overgrown lawn was,14.274152755737305,14.207726001739502,14.39586305618286,1.2030434608459473,0.3266679644584656,1.252030961215496,4.356565356254578
2,patty's overgrown lawn was mowed only last week.,canonical,mowed,Patty's overgrown lawn was,9.28681018948555,9.651468187570572,9.278355449438097,0.1749792788177728,0.0499657755717635,0.0100217729341238,0.012839536648243666
2,patty's teenage son was mowing the lawn.,high-cloze,mowing,Patty's teenage son was,15.492307186126707,15.066962242126465,14.60220980644226,0.0848878861870616,0.0011061924160458,0.0020747986854985,0.001849157444667071
2,all of her money had been mowing the grass.,low-cloze,mowing,All of her money had been,23.96979141235352,22.81926345825196,20.61082553863525,0.7269775420427322,0.0543355111731216,0.2350686434656381,0.07359756622463465
3,three more martinis were ordering by laurie's sister.,reversed,ordering,Three more martinis were,15.89273738861084,15.732830047607422,14.728730201721191,13.468791961669922,14.631526947021484,16.636369705200195,17.776424407958984
3,three more martinis were ordered repeatedly.,canonical,ordered,Three more martinis were,4.946595191955566,3.839775562286377,3.78525972366333,3.7424662113189697,2.880703926086426,1.1484121084213257,3.724186658859253
3,"the regular customers were ordering quiche, as usual.",high-cloze,ordering,The regular customers were,11.66140365600586,12.60439682006836,12.439440727233888,7.27490758895874,9.29308795928955,6.380333423614502,4.258956432342529
3,the rough part of the wood was ordering late.,low-cloze,ordering,The rough part of the wood was,19.11491584777832,18.63248443603516,19.46378898620605,21.82149314880371,22.31689453125,23.449613571166992,17.873857498168945
4,the quality of karla's work was evaluating frequently.,reversed,evaluating,The quality of Karla's work was,19.43661499023437,19.257951736450195,19.590965270996094,14.792265892028809,12.238489151000977,18.74806404113769,20.07216453552246
4,the quality of karla's work was evaluated frequently.,canonical,evaluated,The quality of Karla's work was,11.127360343933104,11.310349464416504,12.213753700256348,8.841808319091797,6.4012837409973145,8.374346733093262,7.848638534545898
4,the engineers were evaluating the success of the new device.,high-cloze,evaluating,The engineers were,12.162161827087402,12.115283012390137,12.15224838256836,9.233993530273438,7.254799365997314,8.694045066833496,8.64673137664795
4,the old lady's purse had been evaluating nelson's idea.,low-cloze,evaluating,The old lady's purse had been,25.919342041015625,23.417686462402344,22.30965614318848,20.156816482543945,16.584239959716797,23.99956321716309,21.606172561645508
5,the legal contract had been signing falsely.,reversed,signing,The legal contract had been,11.948991775512695,12.016122817993164,12.576122283935549,16.090242385864258,12.517071723937988,11.755934715270996,15.658379554748535
5,the legal contract had been signed by the family.,canonical,signed,The legal contract had been,1.779560923576355,1.6188052892684937,2.290795087814331,0.9661310911178588,1.0854032039642334,2.9610238075256348,1.3761253356933594
5,the state's governor had been signing new legislation.,high-cloze,signing,The state's governor had been,11.945182800292969,13.100785255432127,12.908025741577148,6.994152069091797,10.28447437286377,7.230233192443848,7.469963073730469
5,an appointment was signing falsely.,low-cloze,signing,An appointment was,17.18700408935547,19.75041007995605,17.802297592163086,19.65076446533203,20.525001525878903,20.54912757873535,19.133827209472656
6,the vocabulary list was memorizing well.,reversed,memorizing,The vocabulary list was,23.23260498046875,23.10484981536865,23.5416955947876,0.0712393424473702,0.0665146356914192,19.200544357299805,13.261799812316895
6,the vocabulary list was memorized well.,canonical,memorized,The vocabulary list was,14.532374635338783,14.006281226873398,15.178363412618635,0.0027737361961044,0.0003742342523764,2.1093135438859463,3.1690430864691734
6,the medical students were memorizing sample exam questions all night.,high-cloze,memorizing,The medical students were,21.139304637908936,17.902390956878662,18.739747911691666,0.0033378392399754,0.0422416909400453,0.1554695647209882,0.09168188460171223
6,the simple coffin was memorizing the lines of the poem.,low-cloze,memorizing,The simple coffin was,29.25797939300537,24.938082695007324,26.55774974822998,0.0024297709023812,0.0574614688655401,5.164507031440735,7.096251681447029
7,the firewood had been chopping poorly.,reversed,chopping,The firewood had been,15.692599296569824,13.8951416015625,13.996851921081545,1.608544081449509,4.152588605880737,10.905440330505373,10.811732292175293
7,the firewood had been chopped by jen's grandfather.,canonical,chopped,The firewood had been,8.749343872070312,7.089174270629883,7.622915744781494,9.69806957244873,9.764280319213867,11.28989028930664,4.73015022277832
7,jen's grandfather had been chopping the firewood.,high-cloze,chopping,Jen's grandfather had been,14.72490692138672,14.92924976348877,15.310750007629396,0.0281446166336536,0.0118956958849594,5.473434448242188,3.861750602722168
7,mark's wrinkly shirts were chopping vegetables.,low-cloze,chopping,Mark's wrinkly shirts were,17.67223358154297,19.001039505004883,18.40947151184082,0.0941034015268087,0.0741148913220968,12.061859130859377,18.087160110473633
8,lisa's phone had been disconnecting last month.,reversed,disconnecting,Lisa's phone had been,17.92590844631195,16.739773154258728,17.936544477939606,0.8944941179870511,2.789030242463923,8.084307432174683,12.54667615890503
8,lisa's phone had been disconnected last month.,canonical,disconnected,Lisa's phone had been,5.73735237121582,7.116911888122559,7.340947151184082,5.706121444702148,3.612897396087648,5.626163482666016,8.671051979064941
8,the electrician had been disconnecting the machine's power source.,high-cloze,disconnecting,The electrician had been,18.533015958964825,19.020168986171484,18.102687608916312,0.0021738607320003,0.0044055075122741,1.8099234066903591,0.7829310836386867
8,mother theresa's death was disconnecting the two cables.,low-cloze,disconnecting,Mother Theresa's death was,24.6881560087204,25.00319230556488,23.49454498291016,0.0099777451250702,0.0647700449917465,5.238043904304504,4.997645311057568
9,wendy's muddy car was washing the boys.,reversed,washing,Wendy's muddy car was,12.44569969177246,11.265727996826172,11.335041046142578,10.514985084533691,13.911442756652832,9.287508964538574,16.53795051574707
9,wendy's muddy car was washed wearily.,canonical,washed,Wendy's muddy car was,8.720593452453613,7.42115306854248,7.184847831726074,14.275019645690918,10.367132186889648,7.71586275100708,9.062044143676758
9,wendy and harriet were washing the muddy car.,high-cloze,washing,Wendy and Harriet were,14.145889282226562,13.687958717346191,13.400153160095217,12.490225791931152,11.637059211730955,3.819332838058472,6.7616424560546875
9,frank's loan application had been washing the used pencil.,low-cloze,washing,Frank's loan application had been,23.02810859680176,21.98793601989746,22.264009475708008,24.105457305908203,19.49140357971192,22.682218551635746,20.657201766967773
10,the library books had been borrowing the graduate student.,reversed,borrowing,The library books had been,15.75638484954834,14.89848518371582,14.1740083694458,21.194313049316406,20.475566864013672,14.690776824951172,10.430832862854004
10,the library books had been borrowed by the graduate student.,canonical,borrowed,The library books had been,10.471305847167969,7.917806148529053,7.477957725524902,7.94896125793457,4.285050868988037,4.902884006500244,2.8674213886260986
10,katie and lara had been borrowing dozens of books about botany from the library.,high-cloze,borrowing,Katie and Lara had been,12.829619407653809,14.679536819458008,14.929088592529297,4.6918134689331055,3.2483930587768555,1.3043714761734009,0.4437757730484009
10,the tragic mistake was borrowing in a hurry.,low-cloze,borrowing,The tragic mistake was,19.370397567749023,18.330724716186523,17.065467834472656,25.04877471923828,24.77289772033692,28.76011657714844,26.238311767578125
11,"the dark, underwater cave was exploring by the divers.",reversed,exploring,"The dark, underwater cave was",14.963811874389648,16.02248764038086,15.00206184387207,11.716039657592772,10.969897270202637,13.820778846740724,13.581027030944824
11,"the dark, underwater cave was explored by the divers.",canonical,explored,"The dark, underwater cave was",9.874082565307615,11.393396377563477,9.479355812072754,3.515244245529175,2.2576217651367188,2.399111270904541,3.130469560623169
11,the cautious scuba divers were exploring the underwater cave.,high-cloze,exploring,The cautious scuba divers were,12.054052352905272,10.424283981323242,11.813446044921877,5.059045791625977,3.101672649383545,1.9178156852722168,1.6516773700714111
11,the phone bill had been exploring at the zoo.,low-cloze,exploring,The phone bill had been,17.96219825744629,15.871142387390137,15.204713821411133,20.60813331604004,24.210840225219727,22.79353141784668,21.92317008972168
12,the unpleasant cough syrup was swallowing the boy.,reversed,swallowing,The unpleasant cough syrup was,13.44517993927002,13.302288055419922,14.63218593597412,13.749520301818848,12.397549629211426,10.213152885437012,8.707809448242188
12,the unpleasant cough syrup was swallowed by the boy.,canonical,swallowed,The unpleasant cough syrup was,9.447135925292969,9.264806747436523,9.574274063110352,3.0589232444763184,3.0432536602020264,0.7415286302566528,1.8446171283721924
12,the huge adult alligator had been swallowing fish by the bucket.,high-cloze,swallowing,The huge adult alligator had been,13.06940460205078,12.02151584625244,13.653985977172852,8.153257369995117,8.518012046813965,10.712276458740234,6.462464332580566
12,the murder had been swallowing with disgust.,low-cloze,swallowing,The murder had been,21.74134826660156,18.613828659057617,22.12552070617676,19.164522171020508,22.672531127929688,21.584383010864254,22.41685676574707
13,the pizza had been delivering once more.,reversed,delivering,The pizza had been,13.22258758544922,12.805041313171388,12.206175804138184,11.857419967651367,11.521772384643556,13.195032119750977,14.32304573059082
13,the pizza had been delivered by antonio himself.,canonical,delivered,The pizza had been,5.224398136138916,4.818298816680908,4.678479671478272,2.431986093521118,2.862294912338257,3.5665624141693115,4.42932653427124
13,the exhausted messenger had been delivering packages all over town.,high-cloze,delivering,The exhausted messenger had been,11.628052711486816,10.937281608581545,10.22445297241211,3.1729657649993896,1.2050012350082395,1.1302975416183472,0.07397730648517609
13,a genetic mutation was delivering once more.,low-cloze,delivering,A genetic mutation was,20.1745719909668,19.892553329467773,19.61073112487793,17.93412208557129,18.68907928466797,26.56256675720215,21.308353424072266
14,frank's loan application had been approving by the bank.,reversed,approving,Frank's loan application had been,15.6213960647583,14.747735023498535,16.03376007080078,1.5846398356370628,1.829245944158174,20.88597297668457,19.69871711730957
14,frank's loan application had been approved anyways.,canonical,approved,Frank's loan application had been,3.2193832397460938,3.684556245803833,2.921213388442993,5.727516174316406,3.0829555988311768,4.144649982452393,4.931868076324463
14,the board of directors had been approving too many expensive projects.,high-cloze,approving,The board of directors had been,13.55951976776123,11.111641883850098,10.881107330322266,0.0072975679067894,0.0015272059899871,2.028993606567383,4.763325214385986
14,wendy's muddy car was approving the boy's request.,low-cloze,approving,Wendy's muddy car was,22.00203514099121,20.627416610717773,21.64957046508789,0.0150464181788265,0.0322364288149401,20.213003158569336,18.279571533203125
15,the cheap products had been manufacturing a belgian firm.,reversed,manufacturing,The cheap products had been,11.81590747833252,12.138331413269045,11.686874389648438,19.2546501159668,16.512737274169922,14.303982734680176,14.507713317871094
15,the cheap products had been manufactured by a belgian firm.,canonical,manufactured,The cheap products had been,7.936892032623291,6.963398456573486,5.784538745880127,2.938071727752685,2.0994224548339844,3.0659773349761963,2.230689287185669
15,the auto company had been manufacturing parts in china.,high-cloze,manufacturing,The auto company had been,10.608319282531738,10.25576877593994,9.239835739135742,2.6315479278564453,1.5883712768554688,3.9465038776397705,3.3820483684539795
15,a drawing of the house had been manufacturing at a factory.,low-cloze,manufacturing,A drawing of the house had been,17.969186782836914,18.86708641052246,20.669750213623047,20.34566307067871,17.468847274780273,17.230424880981445,17.937597274780273
16,their secret conversation had been overhearing by a surprised neighbor.,reversed,overhearing,Their secret conversation had been,18.945575952529907,12.925126075744627,16.904460430145264,5.890857162885368,5.027088628310594,8.380975604057312,6.776776995509863
16,their secret conversation had been overheard by a surprised neighbor.,canonical,overheard,Their secret conversation had been,5.93492603302002,4.42672872543335,4.214387893676758,1.6973766088485718,0.4446700811386108,0.6926057934761047,0.18778854608535767
16,the annoyed resident had been overhearing his neighbor's phone conversations through the wall.,high-cloze,overhearing,The annoyed resident had been,15.571006312966349,16.588780883699656,16.07951154001057,0.0033571013482287,0.001362102625535,0.0863573029637336,0.0007869925757404417
16,a wet snowball had been overhearing despite the precautions.,low-cloze,overhearing,A wet snowball had been,23.22813653945923,25.844650268554688,27.66680145263672,8.72989410534501,7.632590104825795,20.908156394958496,20.418055534362793
17,the rough part of the wood was sanding to perfection.,reversed,sanding,The rough part of the wood was,15.11907434463501,15.59882879257202,18.383203506469727,12.678205966949465,13.71314525604248,14.735860347747805,12.371667385101318
17,the rough part of the wood was sanded by the carpenter.,canonical,sanded,The rough part of the wood was,11.471908688545229,9.175648510456083,9.538446985185146,4.935555264353752,6.262221409007907,1.2511696126312015,1.6157343108206987
17,the skillful carpenter was sanding the rough edge of the wood.,high-cloze,sanding,The skillful carpenter was,22.16174030303955,20.282371282577515,17.31617295742035,8.666500236839056,5.163320894120261,1.2933123148977757,2.855522788129747
17,three more martinis were sanding the chair.,low-cloze,sanding,Three more martinis were,26.60940933227539,27.23156499862671,27.561977863311768,15.372011138126254,12.785344291012734,19.33574938774109,17.508109092712402
18,a package had been receiving by the secretary in the office.,reversed,receiving,A package had been,11.905195236206056,11.681403160095217,12.62941837310791,16.246440887451172,17.03854751586914,16.135522842407227,13.404608726501465
18,a package had been received by the secretary in the office.,canonical,received,A package had been,6.885799884796143,7.816531658172607,6.282898902893066,4.699041843414307,5.428725719451904,2.6620492935180664,1.6793102025985718
18,the secretary had been receiving flowers all day.,high-cloze,receiving,The secretary had been,9.681913375854492,9.16708755493164,8.379941940307617,7.096108913421631,7.311079978942871,6.826860904693604,7.401978969573975
18,the noises in the attic had been receiving assistance from the government.,low-cloze,receiving,The noises in the attic had been,12.367154121398926,12.226452827453612,13.794907569885254,4.505781650543213,3.476999282836914,1.8294111490249636,3.4686450958251953
19,the club's rules had been violating richard.,reversed,violating,The club's rules had been,15.183905601501465,13.71367073059082,14.211187362670898,13.347991943359377,16.51409339904785,10.790821075439451,12.934773445129395
19,the club's rules had been violated only twice.,canonical,violated,The club's rules had been,8.514885902404785,7.540313720703125,7.125472545623779,3.751669406890869,4.981037139892578,8.490461349487305,3.2779178619384766
19,the rebel had been violating the rules.,high-cloze,violating,The rebel had been,14.439322471618652,15.271310806274414,15.696754455566406,8.150479316711426,7.793413162231445,7.205931186676025,8.44199275970459
19,thirty pounds of potatoes had been violating only twice.,low-cloze,violating,Thirty pounds of potatoes had been,21.308666229248047,19.31087303161621,21.028505325317383,23.03445625305176,19.380062103271484,30.242656707763672,27.737916946411133
20,a new medication had been prescribing the physician.,reversed,prescribing,A new medication had been,12.97979736328125,14.469283103942873,13.862957000732422,0.0531467683322262,0.0078671743031009,8.274378776550293,8.111268997192383
20,a new medication had been prescribed by the physician.,canonical,prescribed,A new medication had been,4.536269187927246,5.13682746887207,5.2974066734313965,2.330411672592163,0.8115655183792114,0.5015316605567932,0.47940507531166077
20,the new doctor had been prescribing powerful painkillers for jelena's sore knee.,high-cloze,prescribing,The new doctor had been,11.012722969055176,9.822735786437988,11.687492370605469,0.0078561675036326,0.0027489706990309,0.2471542060375213,0.8246361613273621
20,the portrait of napoleon had been prescribing with caution.,low-cloze,prescribing,The portrait of Napoleon had been,22.501670837402344,23.98097419738769,23.95148086547852,0.8986712631885894,1.8640153633605223,27.966049194335938,26.33119773864746
21,the wheat crops had been harvesting by the local farmers.,reversed,harvesting,The wheat crops had been,9.299138069152832,10.584059715270996,9.979798316955566,9.407282829284668,8.638531684875488,15.717605590820312,12.63634967803955
21,the wheat crops had been harvested after the rain.,canonical,harvested,The wheat crops had been,4.866387844085693,5.505106925964356,3.737690687179565,3.198359966278076,0.8467435240745544,5.8086137771606445,1.9682024717330933
21,the local farmers had been harvesting the corn all week.,high-cloze,harvesting,The local farmers had been,8.616369247436523,8.225140571594238,8.443047523498535,2.357454299926758,1.5275650024414062,1.3770637512207031,1.5632259845733643
21,the elevator button had been harvesting after the rain.,low-cloze,harvesting,The elevator button had been,22.520183563232425,23.48402404785156,24.566953659057617,18.3791618347168,20.33184051513672,22.791820526123047,21.586145401000977
22,the musical piece was composing by beethoven in 1799.,reversed,composing,The musical piece was,16.85849380493164,17.357589721679688,16.895753860473633,14.731406211853027,14.587676048278809,19.11945343017578,17.23366928100586
22,the musical piece was composed in a dream.,canonical,composed,The musical piece was,5.581197261810303,5.321280956268311,5.002583026885986,3.870922088623047,2.7937026023864746,5.5622382164001465,3.7006373405456543
22,ludwig von beethoven was composing symphonies as a teenager.,high-cloze,composing,Ludwig von Beethoven was,11.542364120483398,12.898412704467772,11.808496475219728,1.6029704809188845,1.7536163330078125,4.054542064666748,1.9151217937469482
22,the bank had been composing in a dream.,low-cloze,composing,The bank had been,18.53149604797364,18.88981437683105,19.086151123046875,20.367307662963867,18.701143264770508,26.945533752441406,21.28434181213379
23,the old lady's purse had been snatching a kid.,reversed,snatching,The old lady's purse had been,15.467552661895752,17.13980770111084,14.118204593658447,6.276809307746589,6.695463359355927,5.938957214355469,1.7428364185616374
23,the old lady's purse had been snatched with speed.,canonical,snatched,The old lady's purse had been,6.414341926574707,6.425755977630615,6.563569068908691,9.222064971923828,6.477880477905273,4.397721767425537,3.9197404384613037
23,the clever dog had been snatching cookies from the table.,high-cloze,snatching,The clever dog had been,10.780059337615969,12.329113960266112,13.49425220489502,1.2214676185976714,0.3118155584961641,0.1440499236341565,0.12397059594513848
23,the quality of karla's work was snatching victory from the jaws of defeat.,low-cloze,snatching,The quality of Karla's work was,23.08711576461792,24.193055152893063,24.394518852233887,5.037315372377634,5.111412491649389,0.0230979572515934,0.008910077274776995
24,olson's bulging suitcase had been packing his assistant.,reversed,packing,Olson's bulging suitcase had been,12.5941162109375,10.999448776245115,12.176207542419434,13.315898895263672,13.210240364074709,7.206225872039795,13.207728385925293
24,olson's bulging suitcase had been packed for the trip.,canonical,packed,Olson's bulging suitcase had been,5.72111701965332,4.684972286224365,4.9719085693359375,1.3104499578475952,2.685180187225342,0.6168783903121948,0.4672204554080963
24,the excited vacationers had been packing their suitcases when the hurricane hit.,high-cloze,packing,The excited vacationers had been,9.762956619262695,8.898828506469727,9.406742095947266,0.0527835376560688,0.045574028044939,0.0938997790217399,0.5963972806930542
24,stormy weather had been packing for the trip.,low-cloze,packing,Stormy weather had been,15.472087860107422,13.396496772766112,11.765573501586914,14.393106460571287,17.223770141601562,19.49106788635254,18.4500675201416
25,several spelling errors were noticing the careful editor.,reversed,noticing,Several spelling errors were,18.30842018127441,20.598766326904297,18.308034896850582,15.996374130249023,12.569340705871582,14.314026832580566,15.032879829406738
25,several spelling errors were noticed by the careful editor.,canonical,noticed,Several spelling errors were,7.23810863494873,7.415903091430664,6.297934532165527,4.282223701477051,4.909251689910889,7.662143707275391,4.3406219482421875
25,brittany's close friends were noticing changes in her personality.,high-cloze,noticing,Brittany's close friends were,15.334842681884766,14.379664421081545,12.527426719665527,0.8808456063270569,1.139835000038147,0.5002906322479248,0.13289718329906464
25,the final destination had been noticing too late.,low-cloze,noticing,The final destination had been,16.952062606811523,18.500513076782227,19.64544677734375,20.573246002197266,21.445816040039062,23.762487411499023,17.841171264648438
26,an illegal weapon had been smuggling only once.,reversed,smuggling,An illegal weapon had been,14.366004943847656,15.421951293945312,14.124139785766602,12.94418239593506,13.92048454284668,19.04938697814941,17.51247787475586
26,an illegal weapon had been smuggled only once.,canonical,smuggled,An illegal weapon had been,7.449859142303467,5.508166790008545,4.813944339752197,0.090233102440834,0.0080708017339929,12.55790901184082,10.914101600646973
26,the drug dealer had been smuggling heroin into canada.,high-cloze,smuggling,The drug dealer had been,11.249778747558594,10.315998077392578,10.40194034576416,0.3924643993377685,0.2047666758298874,0.9764652252197266,0.6719265580177307
26,cleopatra's beauty was smuggling only once.,low-cloze,smuggling,Cleopatra's beauty was,21.17776107788086,20.7009220123291,22.946155548095703,21.238357543945312,23.478025436401367,30.25369071960449,26.661537170410156
27,the leftover food was discarding wastefully.,reversed,discarding,The leftover food was,22.08183479309082,16.20624601840973,17.459394693374634,7.399318136274815,3.6016552448272705,4.584628224372864,11.792219877243042
27,the leftover food was discarded wastefully.,canonical,discarded,The leftover food was,8.01237678527832,7.884279251098633,7.559160232543945,5.454300403594971,5.916370868682861,4.356873512268066,2.7985732555389404
27,the campers were discarding the leftover food.,high-cloze,discarding,The campers were,17.213223576545715,18.12190747261048,19.359471201896667,0.7914366597542539,3.205572341394145,2.105018049827777,3.756679041078314
27,the sleek new building was discarding wastefully.,low-cloze,discarding,The sleek new building was,27.54922103881836,26.965359687805176,23.921813488006592,8.454531943425536,7.562711372971535,6.80539608001709,7.098976016044617
28,thirty pounds of potatoes had been peeling by the cooks.,reversed,peeling,Thirty pounds of potatoes had been,12.35139262676239,13.731507897377014,13.12583601474762,17.409929275512695,12.487464904785156,1.820655170828104,4.246579057537019
28,thirty pounds of potatoes had been peeled carefully.,canonical,peeled,Thirty pounds of potatoes had been,6.133853435516357,7.966973781585693,8.316730499267578,10.305362701416016,3.822906017303467,5.430466175079346,4.527194023132324
28,the bored looking cooks had been peeling potatoes for hours.,high-cloze,peeling,The bored looking cooks had been,13.098198354244232,14.680840492248535,12.383883357048036,5.887307167053223,2.0169601440429688,0.0135935086291283,0.0026361500495113432
28,the club's rules had been peeling the sticker off the box.,low-cloze,peeling,The club's rules had been,20.77725410461425,21.10349750518799,22.17481780052185,5.088320732116699,4.012828350067139,0.0222366685047745,0.006295940722338855
29,the grimy pots and pans had been scrubbing the dishwashers.,reversed,scrubbing,The grimy pots and pans had been,16.81654644012451,19.311070442199707,17.548608779907227,0.017988009378314,0.0130679298854374,1.2236579656600952,0.7223326116800308
29,the grimy pots and pans had been scrubbed by the dishwashers.,canonical,scrubbed,The grimy pots and pans had been,10.00964929163456,10.587362250313165,8.526382852345705,7.2642927169799805,8.865996360778809,0.0199720015516504,0.17083793692290783
29,the guys in the kitchen had been scrubbing the pots and pans.,high-cloze,scrubbing,The guys in the kitchen had been,12.370863735675812,12.014471726026386,11.43288134690374,0.0133981364779174,0.0085853738710284,0.0115434757026378,0.003687308053486049
29,the stolen artwork had been scrubbing with vigor.,low-cloze,scrubbing,The stolen artwork had been,24.05308628082276,26.69256591796875,26.518739700317383,4.539832979440689,3.249341130256653,11.37548851966858,14.860269546508789
30,the roast lamb had been carving by a servant.,reversed,carving,The roast lamb had been,15.1444673538208,13.029284477233888,14.188738822937012,20.227569580078125,19.279504776000977,19.08131217956543,21.286823272705078
30,the roast lamb had been carved by a servant.,canonical,carved,The roast lamb had been,11.792583465576172,9.287943840026855,9.52084255218506,10.842859268188477,10.787064552307127,8.457186698913574,8.692553520202637
30,the butcher had been carving the meat.,high-cloze,carving,The butcher had been,13.604339599609377,12.358799934387209,11.707979202270508,9.509428977966309,8.128735542297363,7.762980461120605,12.026749610900879
30,janet's houseplants were carving before dinner.,low-cloze,carving,Janet's houseplants were,16.366561889648438,17.942914962768555,18.76936912536621,22.034393310546875,18.96083641052246,14.022887229919434,20.642061233520508
31,cleopatra's beauty was admiring many people.,reversed,admiring,Cleopatra's beauty was,18.80402660369873,16.734464645385742,17.97337031364441,15.420201301574709,14.107279777526855,2.0867934226989746,2.4309871196746826
31,cleopatra's beauty was admired always.,canonical,admired,Cleopatra's beauty was,10.342370986938477,8.653704643249512,9.89125156402588,8.627373695373535,6.043156147003174,12.030532836914062,9.937394142150879
31,the men were admiring the beautiful woman from a distance.,high-cloze,admiring,The men were,17.6727557182312,16.912508934736252,17.41294002532959,6.5420684814453125,2.0811922550201416,0.0002228895173175,0.000704440928529948
31,an illegal weapon had been admiring always.,low-cloze,admiring,An illegal weapon had been,23.97092580795288,22.32903552055359,25.447157621383667,21.031219482421875,24.616514205932617,6.984028339385986,8.750873565673828
32,a wet snowball had been tossing by the girls through the window.,reversed,tossing,A wet snowball had been,11.309523582458496,11.631640434265137,12.10304069519043,16.264223098754883,12.09812068939209,19.30986595153809,16.734638214111328
32,a wet snowball had been tossed in anger.,canonical,tossed,A wet snowball had been,6.88298225402832,5.335986137390137,4.142283439636231,4.202338218688965,4.1316094398498535,4.3103790283203125,4.1525139808654785
32,the baseball players had been tossing the ball around the infield.,high-cloze,tossing,The baseball players had been,12.914273262023926,12.09364414215088,12.966389656066896,5.072673797607422,3.388600349426269,2.7563865184783936,2.873739242553711
32,their secret conversation had been tossing a steak on the grill.,low-cloze,tossing,Their secret conversation had been,19.877166748046875,19.59657859802246,20.06406021118164,14.066186904907228,16.1395206451416,8.43703842163086,11.019635200500488
33,the sealed envelope was opening the judge.,reversed,opening,The sealed envelope was,14.518197059631348,11.09528636932373,11.832221031188965,18.572723388671875,21.4179744720459,17.432231903076172,13.32270622253418
33,the sealed envelope was opened without permission.,canonical,opened,The sealed envelope was,5.060032367706299,3.676157951354981,3.947989702224731,1.2113618850708008,1.225014567375183,1.0914156436920166,0.23871742188930511
33,tuxedoed waiters were opening bottles of champagne for the toast.,high-cloze,opening,Tuxedoed waiters were,9.890945434570312,12.21112060546875,12.018025398254396,4.838005542755127,7.38237190246582,7.744241237640381,6.747146129608154
33,the men's faces had been opening without permission.,low-cloze,opening,The men's faces had been,17.308818817138672,17.20142364501953,18.97474479675293,20.319068908691406,21.53995513916016,23.09037971496582,28.040529251098633
34,the man's beard had been shaving twice a day.,reversed,shaving,The man's beard had been,12.201533317565918,9.150357246398926,11.435833930969238,0.917454533278942,0.0316062830388546,3.692183971405029,4.001747131347656
34,the man's beard had been shaved twice a day.,canonical,shaved,The man's beard had been,3.2436864376068115,2.7495980262756348,2.715498685836792,1.2802443504333496,1.6705142259597778,0.6252546310424805,1.3896032571792603
34,his uncle ralph had been shaving his beard off.,high-cloze,shaving,His uncle Ralph had been,15.493209838867188,16.154359817504883,18.21650505065918,0.0588001813739538,0.0519497690111165,0.5297505855560303,0.2884025275707245
34,the popular amusement park is shaving twice a day.,low-cloze,shaving,The popular amusement park is,19.768165588378903,20.22241973876953,20.04653549194336,7.938756465911865,10.282399654388428,30.31612968444824,25.909832000732422
35,the elevator button had been pressing slowly.,reversed,pressing,The elevator button had been,10.347026824951172,9.701791763305664,9.165342330932615,5.151258945465088,3.3192458152771,3.352717876434326,5.3656110763549805
35,the elevator button had been pressed by the attendant.,canonical,pressed,The elevator button had been,5.430271148681641,2.659055471420288,2.5589792728424072,1.6400196552276611,0.2949461042881012,1.2362691164016724,0.9896184206008911
35,the attendant had been pressing the buttons.,high-cloze,pressing,The attendant had been,12.11950969696045,12.214466094970703,11.180135726928713,1.4774768352508545,1.1713078022003174,2.122230052947998,1.506138801574707
35,the wheat crops had been pressing slowly.,low-cloze,pressing,The wheat crops had been,13.782750129699709,13.809606552124023,14.728217124938965,14.139073371887209,14.85634994506836,16.629545211791992,15.133928298950195
36,the winning lottery numbers had been announcing the tv news.,reversed,announcing,The winning lottery numbers had been,15.405473709106444,15.641395568847656,16.099294662475586,22.366016387939453,19.155229568481445,15.82917594909668,14.522088050842285
36,the winning lottery numbers had been announced by the tv news.,canonical,announced,The winning lottery numbers had been,5.050104141235352,5.104169845581055,5.052415370941162,2.898627281188965,4.037258148193359,4.361196517944336,1.7863906621932983
36,the flight attendant had been announcing the reason for the delay.,high-cloze,announcing,The flight attendant had been,15.797847747802734,16.557907104492188,15.867568969726562,11.45068359375,12.284722328186035,10.35581874847412,10.821550369262695
36,the tarnished silverware was announcing on the television.,low-cloze,announcing,The tarnished silverware was,18.37352561950684,19.49272727966309,19.00633811950684,18.88678359985352,23.258075714111328,19.584627151489254,18.590272903442383
37,the victim's body had been identifying at the morgue.,reversed,identifying,The victim's body had been,17.958675384521484,19.001611709594727,17.785205841064453,21.8188591003418,20.9044132232666,17.827049255371094,16.27887535095215
37,the victim's body had been identified by the family members.,canonical,identified,The victim's body had been,6.992599964141846,7.863718032836914,8.103310585021973,5.537718772888184,4.859346389770508,3.1195313930511475,3.7583024501800537
37,the laboratory technicians had been identifying the chemical.,high-cloze,identifying,The laboratory technicians had been,14.623004913330078,14.33512020111084,14.50200080871582,9.989136695861816,11.158864974975586,8.358946800231934,7.5580735206604
37,the movie was identifying rare fish for the divers.,low-cloze,identifying,The movie was,20.49126243591309,21.26970291137696,21.965988159179688,18.11786460876465,20.569808959960938,21.638351440429688,22.990381240844727
38,the hearty meal was devouring by the kids.,reversed,devouring,The hearty meal was,19.496976852416992,17.623976707458496,19.25625467300415,13.906960371881723,14.493365613248898,13.562918066978456,13.192681476473808
38,the hearty meal was devoured with gusto.,canonical,devoured,The hearty meal was,12.743457525968552,11.262176267802715,11.385387286543846,0.0257341070100665,0.0010841786279343,0.452661077491939,0.11373419355368242
38,the hungry boys were devouring the plate of cookies when jack arrived.,high-cloze,devouring,The hungry boys were,11.974581956863403,11.022614061832428,11.90438199043274,0.0195399806834757,0.0022949365084059,0.0053080723737366,0.0017445920384489
38,the dusty tabletops were devouring with gusto.,low-cloze,devouring,The dusty tabletops were,15.474563837051392,17.254482984542847,18.723609924316406,4.506350040435791,9.285467147827148,6.294276148080826,14.136632986366749
39,the overgrown shrubs were trimming regularly.,reversed,trimming,The overgrown shrubs were,16.954440355300903,16.712695986032486,14.192615449428558,3.5229875445365906,1.0529397130012512,4.612959861755371,8.17555396258831
39,the overgrown shrubs were trimmed by a gardener.,canonical,trimmed,The overgrown shrubs were,9.252677917480469,10.004161834716797,9.141461372375488,7.665338039398193,3.094764471054077,7.877222061157227,6.469970703125
39,a gardener was trimming the overgrown shrubbery.,high-cloze,trimming,A gardener was,19.91760502755642,18.63702038486372,16.54749229317531,0.0080487882660236,0.0003412135847611,0.0028810533112846,0.002740715484833345
39,the alarm clock had been trimming regularly.,low-cloze,trimming,The alarm clock had been,20.316979467868805,19.77443315088749,21.22221839427948,13.825819794088602,20.94978815317154,8.51910687983036,12.14860713481903
40,wilson's unreasonable proposal was rejecting by the boss.,reversed,rejecting,Wilson's unreasonable proposal was,16.00528335571289,15.136641502380373,16.011398315429688,11.805780410766602,12.283538818359377,18.640771865844727,17.145465850830078
40,wilson's unreasonable proposal was rejected at the hospital.,canonical,rejected,Wilson's unreasonable proposal was,4.86223840713501,3.2259981632232666,5.41404390335083,1.7597938776016235,1.7854853868484497,1.4778317213058472,1.8601148128509521
40,the admissions committee was rejecting nearly every application.,high-cloze,rejecting,The admissions committee was,15.666315078735352,15.279081344604492,14.113258361816406,7.207093715667725,7.20564079284668,8.22288990020752,4.736374855041504
40,the rare bird's behavior was rejecting all offers.,low-cloze,rejecting,The rare bird's behavior was,23.383543014526367,23.167125701904297,24.13177490234375,5.344103813171387,4.776690006256104,5.882585525512695,9.421671867370605
41,hathaway's gigantic fortune had been inheriting by his daughters.,reversed,inheriting,Hathaway's gigantic fortune had been,17.029584288597107,14.804057389497755,16.065069913864136,4.834743142127991,3.2613248862326145,10.151239156723022,5.06707675755024
41,hathaway's gigantic fortune had been inherited by his daughters.,canonical,inherited,Hathaway's gigantic fortune had been,9.506001472473145,6.514416694641113,6.363411903381348,0.1146367564797401,0.0704826191067695,0.8473818898200989,0.21600469946861267
41,generations of aristocratic englishmen have been inheriting their fortunes.,high-cloze,inheriting,Generations of aristocratic Englishmen have been,14.931935906410216,14.780775487422943,11.93363567441702,5.922485279472312,0.4516539467003895,2.47632454673294,0.4601705344975926
41,the strange mystery had been inheriting the estate from her grandmother.,low-cloze,inheriting,The strange mystery had been,19.503382921218872,20.810725808143616,23.60177606344223,0.1481252121157013,0.0265926451224913,0.0075589815824059,0.0018986884388141334
42,all of her money had been spending before the wedding.,reversed,spending,All of her money had been,11.54332160949707,13.04572868347168,11.980588912963867,12.14125919342041,13.008243560791016,11.229454040527344,12.83533763885498
42,all of her money had been spent before the wedding.,canonical,spent,All of her money had been,2.90555477142334,3.5019850730896,2.5136187076568604,2.172282695770264,1.3126968145370483,1.6175698041915894,1.4852807521820068
42,the shopping fanatic had been spending all her money in bloomingdales.,high-cloze,spending,The shopping fanatic had been,8.587366104125977,6.750118255615234,7.663898944854736,0.1647979021072387,0.0824250951409339,1.5929198265075684,0.4278818368911743
42,patty's overgrown lawn was spending its time on the beach.,low-cloze,spending,Patty's overgrown lawn was,16.580888748168945,15.607263565063477,16.384075164794922,5.027709007263184,4.7896342277526855,5.458954811096191,2.437624216079712
43,an appointment was scheduling by the secretary.,reversed,scheduling,An appointment was,15.85525894165039,15.072702407836914,16.744720458984375,20.26739883422852,26.292863845825195,25.99205780029297,24.098154067993164
43,an appointment was scheduled by the secretary.,canonical,scheduled,An appointment was,3.223686933517456,3.582390308380127,4.863759994506836,13.349576950073242,12.329931259155272,14.708910942077637,11.381145477294922
43,the secretary was scheduling new appointments for the afternoon.,high-cloze,scheduling,The secretary was,18.108238220214844,17.107105255126953,19.17887115478516,6.8861894607543945,6.416983604431152,7.495119571685791,4.5327253341674805
43,the legal contract had been scheduling for next week.,low-cloze,scheduling,The legal contract had been,20.309473037719727,20.710981369018555,21.52110290527344,15.710434913635254,17.089340209960938,16.603776931762695,14.449921607971191
44,the men's faces had been photographing by a security camera.,reversed,photographing,The men's faces had been,17.92538070678711,15.710640139877796,19.23735797405243,13.348944783210754,12.33501434326172,0.2426193673163652,1.1593832224607468
44,the men's faces had been photographed by a security camera.,canonical,photographed,The men's faces had been,8.323112487792969,8.607762336730957,8.523303031921387,4.614516258239746,6.470512866973877,5.146879196166992,5.378857612609863
44,the intrusive reporter had been photographing the celebrities at the party.,high-cloze,photographing,The intrusive reporter had been,9.951196663256267,9.489116747970913,9.481840617663693,3.369222688721493,1.304745692119468,0.0003714825361385,0.00200325388868805
44,the sealed envelope was photographing at the party.,low-cloze,photographing,The sealed envelope was,19.466290399432182,19.23761020600796,19.53239327669144,18.72134685516357,21.28064441680908,2.146335244178772,7.6298604011535645
45,the broken television had been repairing the technician.,reversed,repairing,The broken television had been,14.275793075561523,13.03387451171875,13.085394859313965,14.074021339416504,14.526631355285645,13.69794464111328,10.62022876739502
45,the broken television had been repaired by the technician.,canonical,repaired,The broken television had been,6.833363056182861,6.0880866050720215,6.524633884429932,4.648560523986816,3.000040531158448,3.681353330612183,2.855154037475586
45,the competent technician had been repairing the television.,high-cloze,repairing,The competent technician had been,12.84868335723877,11.215250015258787,9.021161079406738,8.978557586669922,7.509195804595947,3.677379846572876,3.0073904991149902
45,larry's note had been repairing the computer's hard drive.,low-cloze,repairing,Larry's note had been,20.324827194213867,18.55655860900879,18.668642044067383,20.10132026672364,20.05312156677246,17.15734100341797,14.029932022094727
46,the alarm clock had been unplugging accidentally.,reversed,unplugging,The alarm clock had been,15.458830058574677,18.46448650956154,17.719063743948936,14.869537852791836,16.44624971295707,11.61379313954967,11.557025096612051
46,the alarm clock had been unplugged late.,canonical,unplugged,The alarm clock had been,9.36242749541998,9.40911813848652,8.323910451494157,0.0068765542528126,0.000996123519144,0.0114334068202879,0.11444963585745427
46,the frantic woman had been unplugging every electrical device in the house.,high-cloze,unplugging,The frantic woman had been,19.609060525894165,18.01011061668396,18.43303203582764,0.1779167372151278,0.0014033783954801,0.0246306670778722,0.0029278326455823844
46,the overgrown shrubs were unplugging accidentally.,low-cloze,unplugging,The overgrown shrubs were,25.120859146118164,26.93215322494507,25.3158278465271,13.5487187767867,16.12120109720854,9.978441398590803,10.881180193275213
47,the car door had been unlocking late at night.,reversed,unlocking,The car door had been,16.13092613220215,13.949405670166016,16.560277938842773,3.643854260444641,3.1648026071488857,10.446296691894531,11.020830154418945
47,the car door had been unlocked by the child.,canonical,unlocked,The car door had been,5.847365856170654,6.129021167755127,6.3548688888549805,4.60946798324585,5.82421875,5.340966701507568,4.211357116699219
47,the babysitter had been unlocking the back door.,high-cloze,unlocking,The babysitter had been,19.580453872680664,18.250545501708984,18.342649459838867,0.5556511560425861,1.2586804622260388,8.01329517364502,5.439500331878662
47,the queen's 80th birthday was unlocking late at night.,low-cloze,unlocking,The Queen's 80th birthday was,23.524396896362305,24.595951080322266,26.634185791015625,18.21500587463379,17.03230619430542,32.535789489746094,26.105606079101562
48,the portrait of napoleon had been painting by a dutch artist.,reversed,painting,The portrait of Napoleon had been,10.132975578308104,10.50490951538086,9.800780296325684,10.734936714172363,12.497833251953123,11.607873916625977,11.245001792907715
48,the portrait of napoleon had been painted by a dutch artist.,canonical,painted,The portrait of Napoleon had been,3.4147443771362305,2.360834836959839,2.1372628211975098,0.6902874708175659,0.3625229299068451,1.1793689727783203,0.706840455532074
48,the french impressionist artists had been painting with a focus on light and color.,high-cloze,painting,The French Impressionist artists had been,7.398126602172852,5.334984302520752,5.465374946594238,6.348039150238037,4.448859691619873,4.081902503967285,3.1371395587921143
48,a new medication had been painting on tuesday.,low-cloze,painting,A new medication had been,22.2132568359375,23.107446670532227,19.08967399597168,25.25639533996582,23.726831436157227,26.74475479125977,23.570945739746094
49,the embarrassing allegations had been denying by the mayor.,reversed,denying,The embarrassing allegations had been,17.37858009338379,17.224681854248047,16.240243911743164,11.67147445678711,11.963658332824709,15.398945808410645,14.047867774963379
49,the embarrassing allegations had been denied by the mayor.,canonical,denied,The embarrassing allegations had been,7.943606376647949,8.16991901397705,8.921710968017578,0.7431617975234985,1.5114578008651731,1.4735280275344849,0.4442931115627289
49,the embarassed mayor had been denying allegations of corruption.,high-cloze,denying,The embarassed mayor had been,12.981184005737305,12.241565704345703,11.809093475341797,7.678544998168945,6.706021785736084,6.679969787597656,3.0492496490478516
49,tamara's birthday gift had been denying the rumor.,low-cloze,denying,Tamara's birthday gift had been,19.06629943847656,17.58883285522461,16.771617889404297,11.451604843139648,12.236907958984377,11.287166595458984,7.198434352874756
50,the noises in the attic had been hearing nightly.,reversed,hearing,The noises in the attic had been,10.830129623413086,11.567360877990724,11.707476615905762,11.629840850830078,9.92065715789795,9.052742958068848,10.835253715515137
50,the noises in the attic had been heard by the boys.,canonical,heard,The noises in the attic had been,3.758456468582153,3.975501298904419,5.054993629455566,2.000969886779785,1.5330973863601685,3.5569589138031006,3.1100077629089355
50,the frightened campers had been hearing noises in the woods.,high-cloze,hearing,The frightened campers had been,11.085941314697266,10.814213752746582,10.701736450195312,3.054367780685425,1.888917088508606,0.2478063553571701,0.017324844375252724
50,a package had been hearing nightly.,low-cloze,hearing,A package had been,16.84174156188965,16.457599639892578,17.644893646240234,24.90679931640625,26.356277465820312,18.36052703857422,17.88522720336914
51,the appetizers had been serving before the meal.,reversed,serving,The appetizers had been,7.909605979919434,8.247429847717285,9.19913387298584,9.927873611450195,12.551093101501465,9.350301742553713,9.04580307006836
51,the appetizers had been served before the meal.,canonical,served,The appetizers had been,4.269913673400879,5.091809272766113,5.818625926971436,1.228480339050293,2.8140242099761963,0.7593295574188232,1.19270658493042
51,the waiters had been serving the meal.,high-cloze,serving,The waiters had been,8.087003707885742,6.642481803894043,6.137951374053955,2.8997609615325928,4.937549114227295,3.1858644485473637,3.9187774658203125
51,the final exams had been serving before the meal.,low-cloze,serving,The final exams had been,16.82372283935547,17.169658660888672,15.561357498168944,16.395530700683594,20.12346649169922,19.947738647460938,19.633468627929688
52,billy's unruly hair was combing his mother to one side.,reversed,combing,Billy's unruly hair was,15.71379852294922,16.404757022857666,16.695123195648193,10.873344626277683,5.661031944677234,13.359292984008787,9.779885172843933
52,billy's unruly hair was combed by his mother to one side.,canonical,combed,Billy's unruly hair was,8.618471175432205,8.774021431803703,9.321010790765284,1.5290564877941506,0.1368073870230546,1.0114946328976655,0.06860594125464559
52,the patient barber was combing the boy's hair to one side.,high-cloze,combing,The patient barber was,12.911824822425842,15.869758367538452,16.158764600753784,0.9842456963378936,0.5886182170797838,0.2623767226468771,0.08846237443503924
52,the girl's disease was combing the area for escaped prisoners.,low-cloze,combing,The girl's disease was,18.74933385848999,24.440105438232425,23.581016540527344,4.787928326055408,0.4446934802690521,4.157285667024553,4.255901837721467
53,a drawing of the house had been sketching again.,reversed,sketching,A drawing of the house had been,15.376437902450562,16.36674952507019,13.457411408424376,11.701051950454712,14.448105692863464,9.20503580570221,7.195396423339844
53,a drawing of the house had been sketched again.,canonical,sketched,A drawing of the house had been,9.31495419793646,10.160547491832403,7.155014323914656,0.1622553099878132,0.0339342419756576,0.0291792636271566,0.011876433854922652
53,an artist in the studio had been sketching the house.,high-cloze,sketching,An artist in the studio had been,13.066245606169105,9.197346105705948,6.600360363256186,1.6118639974447433,0.566706251935102,2.1466187424957752,1.00978854886489
53,the cheap products had been sketching again.,low-cloze,sketching,The cheap products had been,19.836010694503784,21.110694885253903,20.11176705360413,25.103343963623047,18.59889316558838,19.85118293762207,17.55893325805664
54,the simple coffin was burying the villagers.,reversed,burying,The simple coffin was,16.37776756286621,19.000741958618164,18.157665252685547,15.494599342346191,17.54456329345703,12.225743293762209,10.589404106140137
54,the simple coffin was buried at the church.,canonical,buried,The simple coffin was,7.252615451812744,7.484145641326904,8.27009105682373,3.976701259613037,6.231358051300049,3.125384330749512,2.118457555770874
54,the tribal people were burying their dead.,high-cloze,burying,The tribal people were,15.587175369262695,14.04884147644043,14.82688045501709,2.1693108081817627,2.6349077224731445,0.4820522367954254,0.6301774382591248
54,the vocabulary list was burying at the church.,low-cloze,burying,The vocabulary list was,24.22275161743164,25.17800712585449,22.823286056518555,21.40184211730957,20.625078201293945,29.00848197937012,27.90746307373047
55,the homicide case had been investigating diligently.,reversed,investigating,The homicide case had been,11.384018898010254,11.102550506591797,10.340130805969238,13.390167236328123,8.240598678588867,7.0477070808410645,7.341044902801514
55,the homicide case had been investigated by the fbi.,canonical,investigated,The homicide case had been,6.2165703773498535,4.773500919342041,5.44498872756958,3.597308874130249,2.1958703994750977,5.690652847290039,2.43674373626709
55,the fbi agents had been investigating the homicide case for weeks.,high-cloze,investigating,The FBI agents had been,5.453979969024658,4.858132839202881,4.011508941650391,2.987898588180542,2.247708559036255,2.9741744995117188,1.3777103424072266
55,martin's tonsils had been investigating the problem.,low-cloze,investigating,Martin's tonsils had been,17.34461212158203,16.6951847076416,17.79410171508789,12.855311393737791,12.665447235107422,9.557056427001951,10.42325496673584
56,mark's wrinkly shirts were ironing by his mother.,reversed,ironing,Mark's wrinkly shirts were,18.906490802764893,16.008480310440063,17.62732172012329,15.73713207244873,15.246119260787964,13.125615626573564,12.485990293323994
56,mark's wrinkly shirts were ironed by his mother.,canonical,ironed,Mark's wrinkly shirts were,13.226231157779694,13.997565686702728,12.37530604377389,1.0478545431979,0.5851675121230073,0.1520656805951148,0.029311346472240984
56,mark's doting mother was ironing his shirts while he slept.,high-cloze,ironing,Mark's doting mother was,17.774536967277527,18.896270990371704,18.27880954742432,1.3442521974939154,1.1724607641153852,0.114922932581976,0.003302066819742322
56,the firewood had been ironing her dress.,low-cloze,ironing,The firewood had been,21.247887134552,21.46663808822632,22.16632318496704,11.052978411316872,11.988451326265931,12.05011346936226,8.010109797120094
57,an important lesson had been learning in space.,reversed,learning,An important lesson had been,9.988543510437012,9.543964385986328,10.53781032562256,11.13225555419922,9.572592735290527,13.945178985595703,8.15606689453125
57,an important lesson had been learned in space.,canonical,learned,An important lesson had been,0.5512030124664307,0.9505990147590636,0.651272177696228,0.123043268918991,0.1204511448740959,0.3349066376686096,0.34657391905784607
57,the children had been learning spanish.,high-cloze,learning,The children had been,10.218201637268066,11.127074241638184,10.019720077514648,5.716369152069092,6.334856986999512,3.05737829208374,1.5283946990966797
57,the bathroom floor had been learning in space.,low-cloze,learning,The bathroom floor had been,21.12624931335449,18.646848678588867,20.029430389404297,23.00214576721192,25.52483940124512,22.918376922607425,21.25239372253418
58,the height of the bookcase was measuring by a carpenter.,reversed,measuring,The height of the bookcase was,13.330686569213867,13.91340160369873,11.434967041015623,13.337584495544434,10.484945297241213,15.684518814086914,14.875690460205078
58,the height of the bookcase was measured incorrectly.,canonical,measured,The height of the bookcase was,7.063098907470703,7.102856159210205,5.925477981567383,6.457436561584473,1.804547905921936,2.013779163360596,1.6228502988815308
58,the carpenter was measuring the height of the bookcase.,high-cloze,measuring,The carpenter was,15.799641609191896,15.038338661193848,14.54908561706543,9.122822761535645,2.3404541015625,4.134944438934326,1.638122320175171
58,an urgent message had been measuring her heart rate.,low-cloze,measuring,An urgent message had been,24.317476272583008,23.47595596313477,24.586071014404297,10.550000190734863,7.220445156097412,7.479192733764648,5.854641437530518
59,several important topics were discussing despite the weather.,reversed,discussing,Several important topics were,10.798782348632812,10.797032356262209,14.225663185119627,11.181164741516112,9.441411018371582,11.970599174499512,12.198110580444336
59,several important topics were discussed by the board of trustees.,canonical,discussed,Several important topics were,3.7442467212677,1.6498557329177856,1.7924224138259888,2.3508968353271484,0.7071541547775269,0.735306978225708,0.8975347876548767
59,the board members were discussing several important topics.,high-cloze,discussing,The board members were,8.443285942077637,8.910539627075195,8.623863220214844,0.8501803874969482,0.2033412754535675,0.2615677118301391,0.4483546316623688
59,"the fresh, warm bread was discussing despite the weather.",low-cloze,discussing,"The fresh, warm bread was",20.729066848754883,20.7941837310791,19.39873504638672,23.10573959350586,23.24201011657715,26.612274169921875,25.01882553100586
60,the dusty tabletops were wiping thoroughly.,reversed,wiping,The dusty tabletops were,16.010841369628906,16.621051788330078,17.733400344848633,15.587051391601562,14.187041282653809,17.75519371032715,15.125370979309082
60,the dusty tabletops were wiped thoroughly.,canonical,wiped,The dusty tabletops were,11.937764167785645,12.05013370513916,11.006608963012695,7.085092067718506,4.157754898071289,7.216753959655762,3.4353713989257812
60,the tired busboy was wiping for hours.,high-cloze,wiping,The tired busboy was,13.18087100982666,14.569622039794922,10.457564353942873,19.0971794128418,17.414466857910156,21.27998352050781,16.85125160217285
60,the hearty meal was wiping thoroughly.,low-cloze,wiping,The hearty meal was,21.74636650085449,20.80450820922852,20.49920654296875,25.30924415588379,27.143949508666992,35.69783401489258,32.92714309692383
61,a tiny spy camera was concealing by the agent inside a flowerpot.,reversed,concealing,A tiny spy camera was,13.86910987086594,15.506941065192224,15.775991797447205,11.774362802505491,7.862342417240143,8.297689437866211,7.578893065452576
61,a tiny spy camera was concealed by the agent inside a flowerpot.,canonical,concealed,A tiny spy camera was,10.944161415100098,9.420984268188477,8.829126358032227,6.531346797943115,4.342974662780762,8.013969421386719,4.378970146179199
61,the sneaky lawyer was concealing the truth.,high-cloze,concealing,The sneaky lawyer was,14.96852787490934,14.399683700874448,15.333900045603514,5.057275124680018,1.3510764437869511,0.0028315224335528,0.0028012534603476524
61,a faint light was concealing their identity.,low-cloze,concealing,A faint light was,17.518654361367226,16.636059939861298,14.274906791746616,3.865377454960253,4.393196532335423,0.0073828712338581,0.006785747653339058
62,"the fresh, warm bread was slicing by the baker into halves.",reversed,slicing,"The fresh, warm bread was",16.01780891418457,15.716374397277832,13.785248756408691,15.221359252929688,13.14763641357422,14.009513854980469,12.921097755432129
62,"the fresh, warm bread was sliced with love.",canonical,sliced,"The fresh, warm bread was",9.83518409729004,8.461557388305664,7.496737957000732,11.771986961364746,15.99733066558838,11.593284606933594,8.570173263549805
62,the chef's assistants were slicing the mushrooms for a pie.,high-cloze,slicing,The chef's assistants were,16.523609161376953,16.065425872802734,14.44487190246582,5.987204551696777,4.794383525848389,4.9587907791137695,5.550697326660156
62,several important topics were slicing with love.,low-cloze,slicing,Several important topics were,19.786027908325195,23.62246894836425,25.99720001220703,29.831092834472656,21.548673629760746,32.83562088012695,29.653915405273438
63,the tarnished silverware was polishing by the butler.,reversed,polishing,The tarnished silverware was,19.86456251144409,16.99284851551056,18.83248555660248,12.269498348236084,5.529688119888306,6.763312816619873,5.923231363296509
63,the tarnished silverware was polished by the butler.,canonical,polished,The tarnished silverware was,10.057456970214844,9.548267364501951,10.825907707214355,6.892327308654785,7.663058280944824,11.629260063171388,6.908083438873291
63,the thorough butler was polishing the doorknobs.,high-cloze,polishing,The thorough butler was,17.681836999952793,16.224102281033993,15.396885950118303,5.9669503732875455,1.8466396625990456,0.2236599917523563,0.005019141899538226
63,the winning lottery numbers had been polishing his shoes.,low-cloze,polishing,The winning lottery numbers had been,18.21059614419937,19.84056782722473,20.80473220348358,5.685556490905583,9.743030585348606,5.870807938277721,1.8704172372817993
64,poisonous fumes had been inhaling the firefighters.,reversed,inhaling,Poisonous fumes had been,14.163610935211182,14.86270236968994,14.440682888031006,1.500141428783536,0.2381918407045304,0.2595699690282345,0.36821897327899933
64,poisonous fumes had been inhaled by the firefighters.,canonical,inhaled,Poisonous fumes had been,5.879407362081111,7.022472800221294,7.307275833562016,5.578480243682861,5.030287742614746,0.0351147310284432,0.0032855566241778433
64,the firefighters had been inhaling the smoke.,high-cloze,inhaling,The firefighters had been,16.383975226432085,15.861489044502378,16.902732903137803,2.5077671594917774,4.047959562391043,0.0349413702497258,0.018177877936977893
64,the man's signature was inhaling during the fire.,low-cloze,inhaling,The man's signature was,21.02843117713928,22.094476222991943,23.42604923248291,21.121658951044083,15.363043487071993,14.904633045196531,12.167808055877686
65,a genetic mutation was discovering the scientists.,reversed,discovering,A genetic mutation was,17.430278778076172,19.103382110595703,19.255859375,13.261241912841797,14.02721881866455,10.265484809875488,9.58344554901123
65,a genetic mutation was discovered suddenly.,canonical,discovered,A genetic mutation was,4.649221897125244,3.507675647735596,3.4697265625,4.191748142242432,7.847949981689453,1.7312791347503662,1.7227762937545776
65,the excited explorers were discovering ancient artifacts everywhere they looked.,high-cloze,discovering,The excited explorers were,11.871997833251951,12.340055465698242,12.696622848510742,6.286579608917236,2.750810146331787,3.566892623901367,2.3461406230926514
65,the pizza had been discovering new methods for making dough.,low-cloze,discovering,The pizza had been,21.047231674194336,21.260698318481445,20.84109115600586,5.5629496574401855,6.400326251983643,7.898003101348877,6.720394134521484
66,the queen's 80th birthday was celebrating expensively.,reversed,celebrating,The Queen's 80th birthday was,10.323857307434082,10.907365798950195,12.593342781066896,10.761724472045898,11.616373062133787,10.950156211853027,10.810009002685547
66,the queen's 80th birthday was celebrated by thousands of people in the streets.,canonical,celebrated,The Queen's 80th birthday was,2.8487260341644287,1.9686923027038568,3.371223211288452,0.5935960412025452,0.1215683445334434,1.6240142583847046,0.7503506541252136
66,thousands of excited fans were celebrating the superbowl victory in the streets.,high-cloze,celebrating,Thousands of excited fans were,8.292370796203613,8.553971290588379,9.23985195159912,0.6200001835823059,0.3761742115020752,0.2169540524482727,0.049784161150455475
66,the car door had been celebrating her promotion.,low-cloze,celebrating,The car door had been,22.60142517089844,19.78414726257324,20.21320343017578,9.116554260253906,5.921328067779541,10.469197273254396,7.065927982330322
67,the diagram on the chalkboard had been erasing mrs. larson.,reversed,erasing,The diagram on the chalkboard had been,15.497832894325256,14.630336046218872,12.894047379493712,9.046835461631415,14.769701835146408,7.564845561981201,8.370216846466064
67,the diagram on the chalkboard had been erased by mrs. larson.,canonical,erased,The diagram on the chalkboard had been,9.024735450744627,9.948654174804688,7.77173376083374,9.359452247619627,9.493526458740234,13.138307571411133,9.122400283813477
67,mrs. larson had been erasing the chalkboard.,high-cloze,erasing,Mrs. Larson had been,17.46186876296997,17.66381585597992,17.82738757133484,6.834536894690245,4.4469087117759045,0.5789293646812439,0.12475208565592766
67,food for the homeless had been erasing over and over.,low-cloze,erasing,Food for the homeless had been,19.235089778900143,20.84150743484497,21.806049346923828,13.44239193201065,15.15016895532608,11.248724460601808,10.079730033874512
68,the movie was directing steven spielberg.,reversed,directing,The movie was,15.513110160827637,15.174813270568848,15.125850677490234,15.08923625946045,14.67856502532959,16.28449821472168,12.367644309997559
68,the movie was directed professionally.,canonical,directed,The movie was,4.759059906005859,4.568024158477783,5.259825706481934,10.158668518066406,7.80820369720459,9.305015563964844,7.097187519073486
68,steven spielberg was directing another blockbuster.,high-cloze,directing,Steven Spielberg was,9.116456031799316,9.273370742797852,9.52352237701416,5.885595798492432,11.367752075195312,10.348644256591797,5.4116363525390625
68,the victim's body had been directing the police.,low-cloze,directing,The victim's body had been,25.573076248168945,21.78817176818848,20.704605102539062,18.84733390808105,12.36187744140625,18.0102481842041,22.50908851623535
69,theresa's birthday gift had been wrapping yesterday.,reversed,wrapping,Theresa's birthday gift had been,12.700992584228516,11.553866386413574,12.70781135559082,15.422128677368164,13.373269081115724,12.318495750427246,10.515096664428711
69,theresa's birthday gift had been wrapped yesterday.,canonical,wrapped,Theresa's birthday gift had been,8.761198043823242,8.033609390258789,10.762480735778809,7.779427528381348,6.747644424438477,5.120647430419922,5.15664529800415
69,theresa's loving grandmother had been wrapping the presents.,high-cloze,wrapping,Theresa's loving grandmother had been,14.655221939086914,15.343174934387209,15.68489933013916,9.880791664123535,8.148244857788086,3.9551634788513184,2.551996946334839
69,the embarrassing allegations had been wrapping yesterday.,low-cloze,wrapping,The embarrassing allegations had been,18.364643096923828,16.6856632232666,19.61699867248535,20.395427703857425,23.08812141418457,25.3206844329834,19.615747451782227
70,the popular amusement park is visiting by millions of tourists eh year.,reversed,visiting,The popular amusement park is,14.107441902160645,12.212936401367188,13.236215591430664,11.615581512451172,11.988653182983398,14.48070240020752,13.399413108825684
70,the popular amusement park is visited daily.,canonical,visited,The popular amusement park is,12.44086742401123,12.497156143188477,12.106325149536133,5.3313093185424805,6.954232692718506,4.356290340423584,7.970061302185059
70,the tourists had been visiting the amusement park in the morning.,high-cloze,visiting,The tourists had been,6.244065284729004,5.944920063018799,4.630983829498291,3.111541748046875,4.570901393890381,4.502238750457764,2.041139602661133
70,the man's beard had been visiting a friend in the hospital.,low-cloze,visiting,The man's beard had been,19.751224517822266,16.78839111328125,18.48651885986328,4.185131549835205,11.280964851379396,6.184203147888184,0.15540628135204315
71,ten new trees had been planting on dry land.,reversed,planting,Ten new trees had been,10.97983455657959,13.107906341552734,10.736223220825195,7.535181999206543,12.742932319641112,11.203760147094728,10.420927047729492
71,ten new trees had been planted by the forestry service.,canonical,planted,Ten new trees had been,1.2058707475662231,0.7917585968971252,0.4772119522094726,0.0663742944598198,0.088770568370819,0.4740832448005676,0.46001094579696655
71,the forestry workers had been planting cedar saplings on the hillside.,high-cloze,planting,The forestry workers had been,10.889577865600586,11.080349922180176,9.141966819763184,0.7854571342468262,0.5731534957885742,0.5573036074638367,0.5620833039283752
71,the sin had been planting doubt in her mind.,low-cloze,planting,The sin had been,16.464567184448242,15.25190544128418,13.593294143676758,14.47066879272461,17.350297927856445,15.636947631835938,22.026723861694336
72,food for the homeless had been donating neighborhood residents.,reversed,donating,Food for the homeless had been,13.254077911376951,11.995990753173828,13.030832290649414,16.023527124896646,11.845099766236672,10.312031745910645,11.827712059020996
72,food for the homeless had been donated many times.,canonical,donated,Food for the homeless had been,10.109244346618652,6.985434532165527,6.3541340827941895,5.629428386688232,4.814311504364014,2.1662962436676025,4.802525997161865
72,the wealthy american philanthropist had been donating money to romanian orphanages.,high-cloze,donating,The wealthy American philanthropist had been,10.024832725524902,9.89245319366455,10.04203987121582,0.000701689205016,8.530339141543664e-05,1.2680569887161257,0.8644150495529175
72,the diagram on the chalkboard had been donating blood.,low-cloze,donating,The diagram on the chalkboard had been,21.00865173339844,22.22899627685547,20.53288459777832,5.946828681975603,7.519016821976038,14.12802791595459,18.650789260864258
73,the rare bird's behavior was observing by the biologists.,reversed,observing,The rare bird's behavior was,17.98944091796875,16.86649513244629,16.159971237182617,11.526684761047363,8.159109115600586,14.287482261657717,15.798689842224121
73,the rare bird's behavior was observed by the biologists.,canonical,observed,The rare bird's behavior was,6.231858730316162,6.202129364013672,6.254025459289551,3.26716947555542,2.424227476119995,1.2120951414108276,1.7996704578399658
73,the excited bird watchers were observing the rare eagle.,high-cloze,observing,The excited bird watchers were,11.501165390014648,11.772605895996094,13.315617561340332,4.667300701141357,6.269140243530273,8.142990112304688,5.01853609085083
73,wilson's unreasonable proposal was observing the stars.,low-cloze,observing,Wilson's unreasonable proposal was,21.06305885314941,20.754150390625,20.869285583496094,14.073897361755373,12.46815013885498,16.779254913330078,11.794559478759766
74,stormy weather had been forecasting by the weatherman.,reversed,forecasting,Stormy weather had been,11.503509521484377,11.721380233764648,11.655085563659668,4.147179905325174,7.187183655798435,15.533820152282717,14.431859016418457
74,stormy weather had been forecasted by the weatherman.,canonical,forecasted,Stormy weather had been,12.320737838745115,6.039326429367065,5.334734082221985,0.3069683909416199,0.2391122952103614,0.2124797478318214,0.5155021622776985
74,the weather service had been forecasting snow for the mountain areas.,high-cloze,forecasting,The weather service had been,6.164540767669678,4.90462589263916,3.269592523574829,1.2800269722938538,0.0315237320028245,0.7841115593910217,1.2266957759857178
74,olson's bulging suitcase had been forecasting correctly.,low-cloze,forecasting,Olson's bulging suitcase had been,24.33139038085937,23.19099998474121,21.855199813842773,24.31018877029419,21.716866970062256,26.45663070678711,18.958728790283203
75,the tragic mistake was regretting by erika for many years.,reversed,regretting,The tragic mistake was,21.723164558410645,17.51653504371643,16.696621775627136,9.556646794080734,9.397477060556412,9.0313418507576,12.201869010925293
75,the tragic mistake was regretted years later.,canonical,regretted,The tragic mistake was,14.513266563415527,13.133855819702148,15.064799308776855,10.480585098266602,7.387514591217041,9.436079978942873,10.640398979187012
75,erika was regretting the mistake.,high-cloze,regretting,Erika was,17.43254590034485,18.592872858047485,17.933211028575897,0.0021931226947344,0.0015051921509439,0.052205677027814,0.11499997973442078
75,the library books had been regretting their behavior.,low-cloze,regretting,The library books had been,21.700210332870483,26.33695840835572,22.00061297416687,2.693145094439388,7.582607527379878,5.044158950448036,6.877429276704788
76,the stolen artwork had been seizing without warning.,reversed,seizing,The stolen artwork had been,21.07096290588379,20.40882110595703,21.40823745727539,18.96648025512696,14.951502799987791,23.690452575683597,23.614131927490234
76,the stolen artwork had been seized by the border police.,canonical,seized,The stolen artwork had been,8.817553520202637,8.49868392944336,8.104351043701172,3.431791305541992,3.110789060592652,4.28607177734375,3.722062349319458
76,the police had been seizing shipments of drugs at the border.,high-cloze,seizing,The police had been,13.698976516723633,13.976548194885254,13.811955451965332,11.811054229736328,9.02617073059082,7.836550235748291,2.7199180126190186
76,the grimy pots and pans had been seizing without warning.,low-cloze,seizing,The grimy pots and pans had been,19.96547508239746,19.25230407714844,20.10856437683105,18.864152908325195,18.2287826538086,17.763147354125977,18.943500518798828
77,the value of the jewels was estimating the dealer.,reversed,estimating,The value of the jewels was,18.136756896972656,17.670581817626953,18.76508903503418,2.341029092669487,4.105212340131402,17.888975143432617,17.71173095703125
77,the value of the jewels was estimated by the dealer.,canonical,estimated,The value of the jewels was,6.058060169219971,6.00279426574707,5.649867534637451,6.566736698150635,3.472732782363892,2.901820659637451,4.146966934204102
77,the jewel expert was estimating the value of the diamond.,high-cloze,estimating,The jewel expert was,16.462146759033203,15.28876781463623,15.71702480316162,0.0070086370742501,0.0059464721998665,3.7561697959899902,4.141584396362305
77,the useful new gadget had been estimating professionally.,low-cloze,estimating,The useful new gadget had been,17.609516143798828,20.464174270629883,20.696741104125977,5.735563635826111,1.4341949820518494,31.149139404296875,27.23892593383789
78,larry's note had been scribbling his wife.,reversed,scribbling,Larry's note had been,18.74206924438477,17.816092491149902,17.04206085205078,0.2259796946418646,0.0176302851032232,6.270203784108162,6.357606887817383
78,larry's note had been scribbled with haste.,canonical,scribbled,Larry's note had been,9.10148678906262,8.52390022855252,8.263081312179565,0.0097851248719962,0.005341093379684,0.0092788080219179,0.004391749040223658
78,larry's wife had been scribbling a note to him about dinner plans.,high-cloze,scribbling,Larry's wife had been,16.566590636968613,17.850803604349494,17.529942478984594,0.0041771147225517,0.0280125346671411,0.0043449696386232,0.038276458624750376
78,the broken television had been scribbling his thoughts on a napkin.,low-cloze,scribbling,The broken television had been,21.935641288757324,23.55166244506836,21.60438585281372,0.0201178423012606,0.0013786129002255,0.1067915987223386,0.227143672760576
79,carrie's morning meeting was canceling as expected.,reversed,canceling,Carrie's morning meeting was,19.31443905830384,21.93678569793701,22.057526111602783,15.90546464920044,10.865658640861511,12.201018810272217,13.86369514465332
79,carrie's morning meeting was canceled by the boss.,canonical,canceled,Carrie's morning meeting was,8.93285083770752,8.383045196533203,6.975403785705566,4.618983268737793,4.336629390716553,5.629383087158203,3.7948343753814697
79,carrie had been canceling all of her meetings.,high-cloze,canceling,Carrie had been,17.53836715221405,17.6454416513443,18.49301970005036,1.466018658131361,1.2378637492656708,1.8324160315096376,2.2772979324217886
79,the bubblegum had been canceling as expected.,low-cloze,canceling,The bubblegum had been,18.45389235019684,19.672855854034424,20.184163570404053,18.119981288909912,14.5895357131958,11.009583950042725,13.033610463142395
80,the girl's disease was curing a simple treatment.,reversed,curing,The girl's disease was,13.705371856689451,15.408820152282717,15.156723976135254,2.231407418847084,5.589488193392754,21.682392120361328,15.556378364562988
80,the girl's disease was cured by a simple treatment.,canonical,cured,The girl's disease was,8.11613941192627,9.652777671813965,7.19512939453125,0.9575787782669068,0.7422771453857422,1.340867519378662,1.2407461404800415
80,the foreign doctors were curing hundreds of villagers of malaria.,high-cloze,curing,The foreign doctors were,16.714733123779297,18.06746864318848,17.605379104614258,0.4724170714616775,0.0150574251310899,1.185114502906799,0.5791605114936829
80,billy's unruly hair was curing his cold.,low-cloze,curing,Billy's unruly hair was,20.23360252380371,20.039670944213867,17.15561866760254,6.640767574310303,3.8397135734558105,8.8379545211792,5.498915672302246
81,janet's houseplants were watering too much.,reversed,watering,Janet's houseplants were,13.380657196044922,13.170623779296877,12.276249885559082,14.92739486694336,10.737329483032228,12.555627822875977,9.446557998657227
81,janet's houseplants were watered by her neighbor.,canonical,watered,Janet's houseplants were,11.585444450378418,9.776704788208008,9.458993911743164,11.372000694274902,7.046738624572754,11.396854400634766,5.340091705322266
81,the gardener was watering the plants.,high-cloze,watering,The gardener was,15.94255542755127,16.209186553955078,14.40909194946289,2.108551263809204,1.351557970046997,1.0160679817199707,0.46284520626068115
81,the roast lamb had been watering too much.,low-cloze,watering,The roast lamb had been,18.92928504943848,18.173320770263672,17.020729064941406,13.892426490783691,14.405712127685549,13.361623764038086,11.543882369995117
82,the useful new gadget had been inventing by a bored waiter.,reversed,inventing,The useful new gadget had been,14.918176412582396,18.379271030426025,15.765590906143188,5.550012432038784,8.434534361003898,8.616567373275757,4.077573835849762
82,the useful new gadget had been invented by a bored waiter.,canonical,invented,The useful new gadget had been,6.911853313446045,5.382864475250244,4.633843421936035,4.708593368530273,3.49207615852356,2.333669662475586,0.8457363843917847
82,the resourceful engineers had been inventing tiny new devices.,high-cloze,inventing,The resourceful engineers had been,12.498653819784522,10.880893552675843,10.93810088187456,0.161292202072218,0.2168219676459557,0.3380683567374944,0.2071441548760049
82,the value of the jewels was inventing the digital computer.,low-cloze,inventing,The value of the jewels was,25.65702724456787,26.459588527679443,23.93200445175171,6.808240830898285,5.6611572150141,20.68293046951294,13.514121532440186
83,the phone bill had been paying his roommate.,reversed,paying,The phone bill had been,9.169432640075684,7.532410621643066,7.883683204650879,11.824418067932127,10.435081481933594,10.277721405029297,7.699709892272949
83,the phone bill had been paid quickly.,canonical,paid,The phone bill had been,4.37971830368042,4.190543174743652,4.570895671844482,0.8113563656806946,0.1349059492349624,2.623836040496826,0.6995924115180969
83,juan and perry had been paying too much for their apartment.,high-cloze,paying,Juan and Perry had been,10.78919506072998,11.127305030822754,11.525062561035156,3.888428688049317,8.018961906433105,3.71146821975708,0.41198238730430603
83,"the dark, underwater cave was paying attention to the divers.",low-cloze,paying,"The dark, underwater cave was",17.484817504882812,17.93486785888672,17.556236267089844,1.3175095319747925,7.009481906890869,3.506693124771118,4.5832414627075195
84,the man's signature was forging the lawyers.,reversed,forging,The man's signature was,19.164745330810547,16.701799392700195,17.530961990356445,18.151105403900143,23.83007049560547,14.227422714233398,14.328857421875
84,the man's signature was forged by the lawyers.,canonical,forged,The man's signature was,9.977778434753418,6.436796188354492,8.537646293640137,5.895113945007324,2.2516520023345947,2.478473663330078,0.9840764999389648
84,the con artists were forging the signatures on checks.,high-cloze,forging,The con artists were,16.363271713256836,13.534093856811523,14.392909049987791,0.9762602150440216,0.907328188419342,0.7308024168014526,0.43804118037223816
84,poisonous fumes had been forging very well.,low-cloze,forging,Poisonous fumes had been,21.08587646484375,19.720537185668945,21.1872615814209,14.318415641784668,9.331405878067017,24.935441970825195,22.701446533203125
85,the bank had been robbing two masked men.,reversed,robbing,The bank had been,15.188979148864746,14.613494873046877,14.936908721923828,6.138983885291964,6.579658627510071,3.668879747390747,6.399730205535889
85,the bank had been robbed repeatedly.,canonical,robbed,The bank had been,10.17160987854004,9.700361251831056,9.268692016601562,0.9985945820808412,0.7991524934768677,4.490067958831787,3.5866501331329346
85,the clever burglars had been robbing houses in broad daylight.,high-cloze,robbing,The clever burglars had been,11.366132736206056,11.975187301635742,10.46724796295166,1.7431542170234025,0.9251400508219376,3.336620330810547,2.450183153152466
85,the musical piece was robbing repeatedly.,low-cloze,robbing,The musical piece was,23.60404396057129,22.755334854125977,23.680593490600582,16.9622859954834,15.371573835611343,27.508451461791992,27.945804595947266
86,an urgent message had been sending by the ambassador to the president.,reversed,sending,An urgent message had been,11.20371437072754,10.684992790222168,11.387989044189451,14.354426383972168,13.966595649719238,16.52786636352539,16.52285385131836
86,an urgent message had been sent again.,canonical,sent,An urgent message had been,0.7088657021522522,0.9571371078491212,0.5761363506317139,1.6964244842529297,0.9978240728378296,1.2803186178207395,1.526611566543579
86,the prime minister had been sending urgent messages to her ambassador.,high-cloze,sending,The Prime Minister had been,11.116771697998049,11.091830253601074,11.035324096679688,0.2527250647544861,0.3613424301147461,0.305622786283493,0.5907782912254333
86,the height of the bookcase was sending mixed signals to the carpenter.,low-cloze,sending,The height of the bookcase was,19.36202049255371,18.47191619873047,18.46273422241211,0.2852064073085785,1.185444712638855,0.0552545860409736,0.05999855697154999
87,the sleek new building was designing a team of german architects.,reversed,designing,The sleek new building was,16.986766815185547,17.270647048950195,17.480701446533203,13.71105670928955,13.324921607971191,12.060443878173828,13.838412284851074
87,the sleek new building was designed by a team of german architects.,canonical,designed,The sleek new building was,2.9194014072418213,2.4235520362854004,2.251962900161743,0.0926725044846534,0.0502794720232486,0.0554939843714237,0.18871311843395233
87,a team of architects had been designing the new building.,high-cloze,designing,A team of architects had been,5.331715106964111,6.360793590545654,5.668045997619629,0.7898117303848267,0.7225568890571594,0.9798773527145386,0.2205120325088501
87,the leftover food was designing with flair.,low-cloze,designing,The leftover food was,22.643627166748047,21.802215576171875,21.784603118896484,18.02052497863769,20.45095443725586,24.510950088500977,24.9329833984375
88,the final exams had been grading in school.,reversed,grading,The final exams had been,14.88976764678955,16.206378936767578,13.653809547424316,15.37770938873291,16.276397705078125,13.023947715759276,12.996330261230469
88,the final exams had been graded in school.,canonical,graded,The final exams had been,9.197731018066406,10.057049751281738,8.66665267944336,11.480942726135254,10.62968635559082,7.696493148803711,6.8684587478637695
88,the professor had been grading the final exams until 4 am.,high-cloze,grading,The professor had been,14.137314796447754,14.297894477844238,13.407402992248535,8.990607261657715,5.777801036834717,3.1126437187194824,2.317627191543579
88,the appetizers had been grading iverson's students.,low-cloze,grading,The appetizers had been,20.926794052124023,22.072864532470703,21.6893310546875,21.89691925048828,22.625083923339844,22.60853385925293,17.440547943115234
89,the final destination had been reaching too late.,reversed,reaching,The final destination had been,13.050604820251465,10.809910774230955,12.83265495300293,12.39857578277588,12.691567420959473,15.129261016845703,9.889029502868652
89,the final destination had been reached too late.,canonical,reached,The final destination had been,6.92418098449707,4.266292572021484,6.076144218444824,8.50393295288086,4.79515552520752,5.274385929107666,1.1253498792648315
89,the curious child had been reaching for the cup on the table.,high-cloze,reaching,The curious child had been,13.3064603805542,12.460525512695312,12.090275764465332,0.3277067542076111,0.9133352041244508,1.7274845838546753,1.3839458227157593
89,several spelling errors were reaching too late.,low-cloze,reaching,Several spelling errors were,18.90633583068848,19.50724601745605,22.40771102905273,18.21404457092285,17.099193572998047,20.485002517700195,24.588037490844727
90,a faint light was perceiving by the rescue workers.,reversed,perceiving,A faint light was,17.572157859802246,19.673511385917664,17.492020845413208,0.0523652785341255,0.8675603053816303,2.233022779226303,6.162251174449921
90,a faint light was perceived underwater.,canonical,perceived,A faint light was,10.699456214904783,12.421517372131348,10.73680305480957,14.117364883422852,14.542298316955566,13.379687309265137,10.799558639526367
90,the worried pilot was perceiving a rattling sound in the jet's engine.,high-cloze,perceiving,The worried pilot was,20.736660985276103,21.53360375203192,21.138935087248683,0.0027049431664636,0.0021215779343037,0.0649874277878552,0.17466833675280213
90,a tiny spy camera was perceiving underwater.,low-cloze,perceiving,A tiny spy camera was,22.84247732162476,25.993724822998047,24.62285506725312,0.0093971319729462,0.0032387773244408,3.701933369040489,13.452378153800964
91,the bubblegum had been chewing by the boy.,reversed,chewing,The bubblegum had been,10.994111061096191,9.590754508972168,10.615333557128906,15.830581665039062,12.636159896850586,14.104086875915527,10.301623344421387
91,the bubblegum had been chewed by the boy.,canonical,chewed,The bubblegum had been,13.519261687994003,11.127118105068805,10.048287077341229,9.13308334350586,6.907820701599121,0.0031094463774934,0.001480426697526127
91,the hungry dog had been chewing a bone.,high-cloze,chewing,The hungry dog had been,8.762574195861816,9.572053909301758,9.137877464294434,5.381917953491211,7.925445556640625,5.481315612792969,6.500955104827881
91,carrie's morning meeting was chewing for a long time.,low-cloze,chewing,Carrie's morning meeting was,20.726104736328125,21.77234268188477,22.152294158935547,24.881492614746094,22.62647247314453,20.6879825592041,19.13033103942871
92,martin's tonsils had been removing at the hospital.,reversed,removing,Martin's tonsils had been,11.812539100646973,10.71865177154541,9.81614875793457,16.661659240722656,15.583924293518066,14.151524543762209,12.614131927490234
92,martin's tonsils had been removed at the hospital.,canonical,removed,Martin's tonsils had been,3.252624034881592,3.207594871520996,1.105628252029419,3.563692331314087,0.4078465402126312,0.4289990365505218,0.6844578981399536
92,the surgeon had been removing the cancerous growth.,high-cloze,removing,The surgeon had been,11.534626007080078,9.79443645477295,9.54966926574707,7.671404361724853,4.321706771850586,4.987301349639893,2.5644125938415527
92,the homicide case had been removing at the hospital.,low-cloze,removing,The homicide case had been,19.118120193481445,17.8867244720459,19.63603973388672,23.503198623657227,25.538843154907227,24.92051696777344,25.983688354492188
93,mother theresa's death was mourning millions of people.,reversed,mourning,Mother Theresa's death was,18.15736198425293,15.513264656066896,15.630556106567385,12.158496856689451,5.970636367797852,7.215671062469482,6.5251922607421875
93,mother theresa's death was mourned by millions of people.,canonical,mourned,Mother Theresa's death was,8.915690961293876,7.583372580818832,7.9882544135907665,0.0009493442630628,0.0022068813514124,0.0184502993215573,0.0012382750574033707
93,the black-clad women were mourning the death of their brother.,high-cloze,mourning,The black-clad women were,15.965846061706545,14.645459175109863,14.874086380004885,0.0069948784075677,0.0053108241409063,0.2563917338848114,0.13071781396865845
93,lisa's phone had been mourning the loss of a loved one.,low-cloze,mourning,Lisa's phone had been,20.667505264282227,18.33602523803711,19.95059394836425,0.973080575466156,3.462589979171753,4.121774673461914,1.5563907623291016
94,the bathroom floor had been mopping by a janitor.,reversed,mopping,The bathroom floor had been,18.874845504760746,15.854081153869627,16.473268508911133,12.249269092455506,12.782746424898503,10.076551651582122,12.58600950986147
94,the bathroom floor had been mopped in the past.,canonical,mopped,The bathroom floor had been,14.681649684906006,11.341493099927902,11.497509196400642,0.4439835213124752,0.2757473513484001,0.4441032186150551,0.009190752636641264
94,the school janitor had been mopping the bathroom.,high-cloze,mopping,The school janitor had been,16.935492157936096,14.680411703884602,13.26780105754733,0.0599490236490964,0.0162489211652427,0.2558276341296732,0.2276555021526292
94,an important lesson had been mopping in the past.,low-cloze,mopping,An important lesson had been,23.31974196434021,24.8078556060791,26.29503965377808,16.82140851020813,17.90448522567749,27.852998733520508,25.65856170654297
95,the sin had been confessing by the repentant catholic.,reversed,confessing,The sin had been,17.655810832977295,15.3238659016788,12.212434500455856,5.171983480453491,9.700001955032349,6.090910196304321,4.7046748995780945
95,the sin had been confessed on sunday.,canonical,confessed,The sin had been,10.115683555603027,10.263726234436035,7.750061511993408,7.65660285949707,8.334068298339844,5.548316955566406,6.678402900695801
95,the repentant catholic had been confessing his sins.,high-cloze,confessing,The repentant Catholic had been,13.502151742577553,13.071600642055271,10.970702122431248,0.0458189289056463,0.0907160309579921,0.0768968863412737,0.1727146115154028
95,ten new trees had been confessing on sunday.,low-cloze,confessing,Ten new trees had been,27.676769018173218,23.78359827399254,24.04813557118177,16.896916568279266,22.897250056266785,17.942113876342773,18.21451997756958
96,the strange mystery had been solving the detectives.,reversed,solving,The strange mystery had been,10.839617729187012,9.874192237854004,9.243392944335938,11.355728149414062,9.195619583129885,14.055740356445312,14.842081069946289
96,the strange mystery had been solved at the station.,canonical,solved,The strange mystery had been,2.8372349739074707,2.3439722061157227,0.7216529846191406,0.311775654554367,1.1064703464508057,2.5136873722076416,4.329466342926025
96,the brilliant detective had been solving mysterious crimes for two decades.,high-cloze,solving,The brilliant detective had been,13.529404640197754,12.74697971343994,11.003066062927246,1.1062006950378418,3.1008334159851074,1.138046383857727,0.5231684446334839
96,hathaway's gigantic fortune had been solving at the station.,low-cloze,solving,Hathaway's gigantic fortune had been,19.0999698638916,19.81845474243164,21.72233390808105,23.20646095275879,25.995346069335938,23.245479583740234,24.205284118652344
